﻿File,Keyword,PII_Extracted,Type,Pattern_or_Keyword,Score
C:/Python/PI Scan/Input_data/Input_1\test file 2.docx,0,['111-11-1111'],SSN,Pattern,100.0
C:/Python/PI Scan/Input_data/Input_1\test file 2.docx,3,ssn,Social Security Number,Keyword,10
C:/Python/PI Scan/Input_data/Input_1\test file 2.docx,1,tax id,Tax ID,Keyword,20
C:/Python/PI Scan/Input_data/Input_1\test file 2.docx,1,passport,Passport,Keyword,20
C:/Python/PI Scan/Input_data/Input_1\test file 3.docx,0,"['111-11-1111', '444-44-4444', '222-22-2222', '333-33-3333']",SSN,Pattern,100.0
C:/Python/PI Scan/Input_data/Input_1\test file 3.docx,3,ssn,Social Security Number,Keyword,10
C:/Python/PI Scan/Input_data/Input_1\test file 3.docx,3, ssn ,Social Security Number,Keyword,20
C:/Python/PI Scan/Input_data/Input_1\test file 3.docx,1,policy id,Policy Number,Keyword,20
C:/Python/PI Scan/Input_data/Input_1\test file 3.docx,1,civil,Civil or Criminal,Keyword,1
C:/Python/PI Scan/Input_data/Input_1\test file 4.doc,0,"['111-11-1111', '444-44-4444', '222-22-2222', '333-33-3333']",SSN,Pattern,100.0
C:/Python/PI Scan/Input_data/Input_1\test file 4.doc,3,ssn,Social Security Number,Keyword,10
C:/Python/PI Scan/Input_data/Input_1\test file 4.doc,3, ssn ,Social Security Number,Keyword,20
C:/Python/PI Scan/Input_data/Input_1\test file 4.doc,1,policy id,Policy Number,Keyword,20
C:/Python/PI Scan/Input_data/Input_1\test file 4.doc,1,civil,Civil or Criminal,Keyword,1
C:/Python/PI Scan/Input_data/Input_1\Test_11.3.2021.txt,1,ssn,Social Security Number,Keyword,10
C:/Python/PI Scan/Input_data/Input_1\Test_11.3.2021.txt,1,tax id,Tax ID,Keyword,20
C:/Python/PI Scan/Input_data/Input_1\test file.pdf,0,['111-11-1111'],SSN,Pattern,100.0
C:/Python/PI Scan/Input_data/Input_1\test file.pdf,1,passport,Passport,Keyword,20
C:/Python/PI Scan/Input_data/Input_1\test file.pdf,3,ssn,Social Security Number,Keyword,10
C:/Python/PI Scan/Input_data/Input_1\test file.pdf,1,tax id,Tax ID,Keyword,20
C:/Python/PI Scan/Input_data/Input_1\test_image and text.pdf,0,['111-11-1111'],SSN,Pattern,100.0
C:/Python/PI Scan/Input_data/Input_1\test_image and text.pdf,1,passport,Passport,Keyword,20
C:/Python/PI Scan/Input_data/Input_1\test_image and text.pdf,1,tax id,Tax ID,Keyword,20
C:/Python/PI Scan/Input_data/Input_1\Test File d.xlsx,0,"['232-88-7737', '139-63-8777', '143-33-4444', '268-44-2222', '270-44-3333']",SSN,Pattern,100.0
C:/Python/PI Scan/Input_data/Input_1\Test File d.xlsx,2,social security number,Social Security Number,Keyword,20
C:/Python/PI Scan/Input_data/Input_1\Test File d.xlsx,1,ssn,Social Security Number,Keyword,10
C:/Python/PI Scan/Input_data/Input_1\Test File d.xlsx,1,national identification number,National ID,Keyword,20
C:/Python/PI Scan/Input_data/Input_1\Test File d.xlsx,2,national id,National ID,Keyword,20
C:/Python/PI Scan/Input_data/Input_1\Test File d.xlsx,1,government id,National ID,Keyword,20
C:/Python/PI Scan/Input_data/Input_1\Test File d.xlsx,1,registration number,National ID,Keyword,20
C:/Python/PI Scan/Input_data/Input_1\Test File d.xlsx,2,resident identity,National ID,Keyword,20
C:/Python/PI Scan/Input_data/Input_1\Test File d.xlsx,1,identification card,National ID,Keyword,20
C:/Python/PI Scan/Input_data/Input_1\Test File d.xlsx,4,identity card,National ID,Keyword,20
C:/Python/PI Scan/Input_data/Input_1\Test File d.xlsx,1,citizenship id,National ID,Keyword,20
C:/Python/PI Scan/Input_data/Input_1\Test File d.xlsx,1,voting card,Voter ID,Keyword,20
C:/Python/PI Scan/Input_data/Input_1\Test File d.xlsx,2,china resident identity card,China National ID,Keyword,20
C:/Python/PI Scan/Input_data/Input_1\Test File d.xlsx,1,居民身份证,China National ID,Keyword,20
C:/Python/PI Scan/Input_data/Input_1\Test File d.xlsx,2,hong kong identity card,Hong Kong National ID,Keyword,20
C:/Python/PI Scan/Input_data/Input_1\Test File d.xlsx,1,japan my number,Japan National ID,Keyword,20
C:/Python/PI Scan/Input_data/Input_1\Test File d.xlsx,1,マイナンバー,Japan National ID,Keyword,20
C:/Python/PI Scan/Input_data/Input_1\Test File d.xlsx,1,south korea resident's registration number,S. Korea National ID,Keyword,20
C:/Python/PI Scan/Input_data/Input_1\Test File d.xlsx,1,주민등록번호,S. Korea National ID,Keyword,20
C:/Python/PI Scan/Input_data/Input_1\Test File d.xlsx,1,mexico voting card,Mexico National ID,Keyword,20
C:/Python/PI Scan/Input_data/Input_1\Test File d.xlsx,2,credencial para votar,Mexico National ID,Keyword,20
C:/Python/PI Scan/Input_data/Input_1\Test File d.xlsx,1,malaysia national registration identification card number,Malaysia National ID,Keyword,20
C:/Python/PI Scan/Input_data/Input_1\Test File d.xlsx,1, nric ,Malaysia National ID,Keyword,20
C:/Python/PI Scan/Input_data/Input_1\Test File d.xlsx,1,australia citizenship id,Australia Citizenship ID,Keyword,20
C:/Python/PI Scan/Input_data/Input_1\Test File d.xlsx,2,tax identification number,Tax ID,Keyword,20
C:/Python/PI Scan/Input_data/Input_1\Test File d.xlsx,3,tax id,Tax ID,Keyword,20
C:/Python/PI Scan/Input_data/Input_1\Test File d.xlsx,2,employer id,Employer ID,Keyword,1
C:/Python/PI Scan/Input_data/Input_1\Test File d.xlsx,1,employer number,Employer ID,Keyword,1
C:/Python/PI Scan/Input_data/Input_1\Test File d.xlsx,2,passport number,Passport,Keyword,20
C:/Python/PI Scan/Input_data/Input_1\Test File d.xlsx,2,passport,Passport,Keyword,20
C:/Python/PI Scan/Input_data/Input_1\Test File d.xlsx,1,visa number,Visa,Keyword,20
C:/Python/PI Scan/Input_data/Input_1\Test File d.xlsx,1,state identification number,State ID,Keyword,20
C:/Python/PI Scan/Input_data/Input_1\Test File d.xlsx,2,state id,State ID,Keyword,20
C:/Python/PI Scan/Input_data/Input_1\Test File d.xlsx,1,tribal identification number,Tribal ID,Keyword,20
C:/Python/PI Scan/Input_data/Input_1\Test File d.xlsx,2,tribal id,Tribal ID,Keyword,20
C:/Python/PI Scan/Input_data/Input_1\Test File d.xlsx,1,military id,Military ID,Keyword,20
C:/Python/PI Scan/Input_data/Input_1\Test File d.xlsx,1,vehicle id,Vehicle ID,Keyword,20
C:/Python/PI Scan/Input_data/Input_1\Test File d.xlsx,1,vehicle number,Vehicle ID,Keyword,20
C:/Python/PI Scan/Input_data/Input_1\Test File d.xlsx,1,license number,Vehicle ID,Keyword,20
C:/Python/PI Scan/Input_data/Input_1\Test File d.xlsx,2,credit card number,Debit / Credit Card,Keyword,40
C:/Python/PI Scan/Input_data/Input_1\Test File d.xlsx,2,debit card number,Debit / Credit Card,Keyword,40
C:/Python/PI Scan/Input_data/Input_1\Test File d.xlsx,1,financial account number,Account Number,Keyword,20
C:/Python/PI Scan/Input_data/Input_1\Test File d.xlsx,1,bank account,Account Number,Keyword,40
C:/Python/PI Scan/Input_data/Input_1\Test File d.xlsx,1,tax information,Tax Return,Keyword,20
C:/Python/PI Scan/Input_data/Input_1\Test File d.xlsx,1,tax return,Tax Return,Keyword,20
C:/Python/PI Scan/Input_data/Input_1\Test File d.xlsx,1,tax number,Tax Return,Keyword,20
C:/Python/PI Scan/Input_data/Input_1\Test File d.xlsx,1,policy number,Policy Number,Keyword,20
C:/Python/PI Scan/Input_data/Input_1\Test File d.xlsx,1,policy id,Policy Number,Keyword,20
C:/Python/PI Scan/Input_data/Input_1\Test File d.xlsx,2,name,Name,Keyword,10
C:/Python/PI Scan/Input_data/Input_1\Test File d.xlsx,1,email address,Email Address,Keyword,20
C:/Python/PI Scan/Input_data/Input_1\Test File d.xlsx,1,phone number,Phone Number,Keyword,1
C:/Python/PI Scan/Input_data/Input_1\Test File d.xlsx,2,date of birth,Date of Birth,Keyword,1
C:/Python/PI Scan/Input_data/Input_1\Test File d.xlsx,1,birth date,Date of Birth,Keyword,1
C:/Python/PI Scan/Input_data/Input_1\Test File d.xlsx,1,employee id,Employee ID,Keyword,20
C:/Python/PI Scan/Input_data/Input_1\Test File d.xlsx,1,gender,Gender,Keyword,1
C:/Python/PI Scan/Input_data/Input_1\Test File d.xlsx,2,sex,Gender,Keyword,1
C:/Python/PI Scan/Input_data/Input_1\Test File d.xlsx,1,mother's maiden name ,Mother's Name,Keyword,1
C:/Python/PI Scan/Input_data/Input_1\Test File d.xlsx,1,disease,Protected Health Information,Keyword,1
C:/Python/PI Scan/Input_data/Input_1\Test File d.xlsx,1,diagnosis,Protected Health Information,Keyword,1
C:/Python/PI Scan/Input_data/Input_1\Test File d.xlsx,1,blood test,Protected Health Information,Keyword,1
C:/Python/PI Scan/Input_data/Input_1\Test File d.xlsx,1,x ray,Protected Health Information,Keyword,1
C:/Python/PI Scan/Input_data/Input_1\Test File d.xlsx,1,prescription,Protected Health Information,Keyword,1
C:/Python/PI Scan/Input_data/Input_1\Test File d.xlsx,1,drug,Protected Health Information,Keyword,1
C:/Python/PI Scan/Input_data/Input_1\Test File d.xlsx,1,medicine,Protected Health Information,Keyword,1
C:/Python/PI Scan/Input_data/Input_1\Test File d.xlsx,1,medication,Protected Health Information,Keyword,1
C:/Python/PI Scan/Input_data/Input_1\Test File d.xlsx,4,medical,Protected Health Information,Keyword,1
C:/Python/PI Scan/Input_data/Input_1\Test File d.xlsx,1,illness,Protected Health Information,Keyword,1
C:/Python/PI Scan/Input_data/Input_1\Test File d.xlsx,1,health,Protected Health Information,Keyword,1
C:/Python/PI Scan/Input_data/Input_1\Test File d.xlsx,1,surgic,Protected Health Information,Keyword,1
C:/Python/PI Scan/Input_data/Input_1\Test File d.xlsx,1,surger,Protected Health Information,Keyword,1
C:/Python/PI Scan/Input_data/Input_1\Test File d.xlsx,1,lab's,Protected Health Information,Keyword,1
C:/Python/PI Scan/Input_data/Input_1\Test File d.xlsx,1,lab test,Protected Health Information,Keyword,1
C:/Python/PI Scan/Input_data/Input_1\Test File d.xlsx,1,medical test,Protected Health Information,Keyword,1
C:/Python/PI Scan/Input_data/Input_1\Test File d.xlsx,1,physical condition,Protected Health Information,Keyword,1
C:/Python/PI Scan/Input_data/Input_1\Test File d.xlsx,1,mental condition,Protected Health Information,Keyword,1
C:/Python/PI Scan/Input_data/Input_1\Test File d.xlsx,1,disability,Protected Health Information,Keyword,1
C:/Python/PI Scan/Input_data/Input_1\Test File d.xlsx,1,civil,Civil or Criminal,Keyword,1
C:/Python/PI Scan/Input_data/Input_1\Test File d.xlsx,1,criminal ,Civil or Criminal,Keyword,1
C:/Python/PI Scan/Input_data/Input_1\Test File d.xlsx,1,digital signature,Digital Signature,Keyword,1
C:/Python/PI Scan/Input_data/Input_1\Test File d.xlsx,1,private key,Digital Signature,Keyword,1
C:/Python/PI Scan/Input_data/Input_1\Test File d.xlsx,1,education,Education / Qualification,Keyword,1
C:/Python/PI Scan/Input_data/Input_1\Test File d.xlsx,1,qualification,Education / Qualification,Keyword,1
C:/Python/PI Scan/Input_data/Input_1\Test File d.xlsx,1,employment records,Compensation,Keyword,1
C:/Python/PI Scan/Input_data/Input_1\Test File d.xlsx,1,compensation,Compensation,Keyword,1
C:/Python/PI Scan/Input_data/Input_1\Test File d.xlsx,1,salary,Compensation,Keyword,1
C:/Python/PI Scan/Input_data/Input_1\Test File d.xlsx,1,trade union membership ,Trade Union,Keyword,1
C:/Python/PI Scan/Input_data/Input_1\Test File d.xlsx,1,religious,Religious or Religion,Keyword,1
C:/Python/PI Scan/Input_data/Input_1\Test File d.xlsx,1,religion,Religious or Religion,Keyword,1
C:/Python/PI Scan/Input_data/Input_1\Test File d.xlsx,1,political,Political,Keyword,1
C:/Python/PI Scan/Input_data/Input_1\Test File d.xlsx,1,racial,Racial or Ethnic,Keyword,1
C:/Python/PI Scan/Input_data/Input_1\Test File d.xlsx,1,ethnic,Racial or Ethnic,Keyword,1
C:/Python/PI Scan/Input_data/Input_1\Test File d.xlsx,1,sexual orientation ,Sexual Orientation ,Keyword,1
C:/Python/PI Scan/Input_data/Input_1\Test File d.xlsx,1,geolocation,Geolocation,Keyword,1
C:/Python/PI Scan/Input_data/Input_1\Test File d.xlsx,1,latitude,Geolocation,Keyword,1
C:/Python/PI Scan/Input_data/Input_1\Test File d.xlsx,1,longitude,Geolocation,Keyword,1
C:/Python/PI Scan/Input_data/Input_1\Test File d.xlsx,1,geotag,Geolocation,Keyword,1
C:/Python/PI Scan/Input_data/Input_1\Test File d.xlsx,1,device number,IMEI / MAC Address,Keyword,1
C:/Python/PI Scan/Input_data/Input_1\Test File d.xlsx,2,imei,IMEI / MAC Address,Keyword,1
C:/Python/PI Scan/Input_data/Input_1\Test File d.xlsx,2,mac address,IMEI / MAC Address,Keyword,1
C:/Python/PI Scan/Input_data/Input_1\Test File d.xlsx,2,ip address ,IP Address,Keyword,1
C:/Python/PI Scan/Input_data/Input_1\Test File d.xlsx,1,password,Password,Keyword,1
C:/Python/PI Scan/Input_data/Input_1\Test File d.xlsx,1,security token,Security Token,Keyword,1
C:/Python/PI Scan/Input_data/Input_1\Test File d.xlsx,1,fingerprint,Fingerprint,Keyword,1
C:/Python/PI Scan/Input_data/Input_1\Test File d.xlsx,1,genetic ,Genetic,Keyword,1
C:/Python/PI Scan/Input_data/Input_1\Test File d.xlsx,1,retinal,Retinal or Iris,Keyword,1
C:/Python/PI Scan/Input_data/Input_1\Test File d.xlsx,1,iris scan,Retinal or Iris,Keyword,1
C:/Python/PI Scan/Input_data/Input_1\Test File d.xlsx,1,voice print ,Voice,Keyword,1
C:/Python/PI Scan/Input_data/Input_1\Test File d.xlsx,1,facial,Images,Keyword,1
C:/Python/PI Scan/Input_data/Input_1\Test File d.xlsx,1,images,Images,Keyword,1
C:/Python/PI Scan/Input_data/Input_1\Test File d.xlsx,1,photo,Images,Keyword,1
C:/Python/PI Scan/Input_data/Input_1\Test File d.xlsx,1,pictures,Images,Keyword,1
C:/Python/PI Scan/Input_data/Input_1\Test File d.xlsx,2,image,Images,Keyword,1
C:/Python/PI Scan/Input_data/Input_1\test file.xlsx,0,"['111-11-1111', '123-11-1231', '222-22-2222', '333-33-3333', '444-44-4444']",SSN,Pattern,100.0
C:/Python/PI Scan/Input_data/Input_1\test file.xlsx,5,ssn,Social Security Number,Keyword,10
C:/Python/PI Scan/Input_data/Input_1\test file.xlsx,1,policy number,Policy Number,Keyword,20
C:/Python/PI Scan/Input_data/Input_1\test file.xlsx,1,employee id,Employee ID,Keyword,20
